timestamp,step,details
2025-11-20T14:26:27.387966,Data Load,Loaded 48059 cities from SimpleMaps dataset
2025-11-20T14:26:46.632955,Validation - Missing Values,5 columns have missing values
2025-11-20T14:28:21.702501,Validation - Duplicates,Found 3694 duplicate city-country combinations
2025-11-20T14:28:32.216926,Validation - Population Data,99.5% of cities have population data
2025-11-20T14:28:54.540540,Validation - Coordinates,0 cities with invalid coordinates
2025-11-20T14:29:13.695526,Data Selection,Selected and saved top 500 cities by population
2025-11-20T14:33:56.297092,API Collection Start,Beginning collection for 500 cities
2025-11-20T14:38:30.595584,API Collection Start,Beginning collection for 500 cities
2025-11-20T14:45:29.336727,API Collection Complete,"Collected 500 records in 418.7s, 54 errors"
2025-11-20T14:45:43.119919,Data Storage,Saved raw API data: data/raw_air_quality_20251120_144543.csv
2025-11-20T14:45:59.477932,Data Storage,Saved raw API data: data/raw_air_quality_20251120_144559.csv
2025-11-20T14:45:59.480788,Error Logging,Saved 54 errors to data/collection_errors_20251120_144559.csv
2025-11-20T14:46:38.559416,Cleaning Start,Beginning data cleaning and standardization
2025-11-20T14:47:04.684477,Cleaning - Column Names,Standardized column names to snake_case
2025-11-20T14:47:06.899844,Cleaning - Data Types,Standardized numeric and string data types
2025-11-20T14:59:08.994920,Cleaning - Missing Values,"54 cities missing AQI data, flagged for transparency"
2025-11-20T14:59:20.358595,Cleaning - Categories,Reviewed and standardized categorical values
2025-11-20T14:59:41.440665,Integration Start,Beginning merge of population and air quality data
2025-11-20T14:59:53.117175,Integration - Merge,Merged 508 records
2025-11-20T15:00:44.940320,Validation Start,Running final validation checks on integrated data
2025-11-20T15:00:59.139596,Validation - Duplicates,Removed 16 duplicate records
2025-11-20T15:01:13.310244,Validation - Missing Values,"Missing value counts: {'aqi': 54, 'aqi_category': 54, 'dominant_pollutant': 54}"
2025-11-20T15:01:28.806860,Validation - Data Ranges,All data ranges validated
2025-11-20T15:01:44.359612,Validation - Completeness,Overall data completeness calculated
2025-11-20T15:03:47.068251,Final Dataset,Created final integrated dataset: data/integrated_cities_air_quality_final.csv
